<?xml version="1.0" ?>
<all>
	<js type="list">
		<item type="str">prefix-runtime.3dca4b99808f4053.bundle.js</item>
		<item type="str">prefix-723.3e6434f80549315a.bundle.js</item>
		<item type="str">prefix-runestone.80892ed1280c2803.bundle.js</item>
	</js>
	<css type="list">
		<item type="str">prefix-723.3bccd435914aa0ff.css</item>
		<item type="str">prefix-runestone.6ec5960970d8b364.css</item>
	</css>
	<cdn-url type="str">https://runestone.academy/cdn/runestone/</cdn-url>
	<version type="str">7.11.10</version>
</all>
